,adj_by_desc,adv_by_desc
mean,4.514937245890048,1.3404631430086618
median,1.0,0.0
minimum,0.0,0.0
maximum,101.0,45.0
total,127705.0,37915.0
