,adj_by_desc,adv_by_desc
mean,2.6254351169756336,0.4665263498745244
median,2.0,0.0
minimum,0.0,0.0
maximum,1290.0,252.0
total,32432.0,5763.0
